matricula,nome,turma,serie,genero,data_nascimento
20240001,Bruno Farias,1ºA,1º Ano,M,27/08/2009
20240002,Kaio Gomes,1ºA,1º Ano,M,14/02/2008
20240003,Igor Cardoso,1ºA,1º Ano,M,19/07/2007
20240004,Beatriz Pereira,1ºA,1º Ano,F,28/07/2007
20240005,Heloísa Rodrigues,1ºA,1º Ano,F,11/04/2008
20240006,Kaio Moreira,1ºA,1º Ano,M,21/09/2007
20240007,Tatiane Almeida,1ºA,1º Ano,F,25/04/2009
20240008,Kamila Ferreira,1ºA,1º Ano,F,27/11/2009
20240009,Mariana Oliveira,1ºA,1º Ano,F,09/03/2007
20240010,Flávia Barros,1ºA,1º Ano,F,25/03/2009
20240011,João Moreira,1ºA,1º Ano,M,25/03/2007
20240012,Samuel Oliveira,1ºA,1º Ano,M,25/10/2008
20240013,Nathan Nunes,1ºA,1º Ano,M,21/10/2009
20240014,Fábio Teixeira,1ºA,1º Ano,M,28/06/2009
20240015,Mateus Oliveira,1ºA,1º Ano,M,15/03/2008
20240016,Mirela Souza,1ºA,1º Ano,F,10/11/2008
20240017,Carlos Moreira,1ºA,1º Ano,M,12/01/2009
20240018,Leandro Cardoso,1ºA,1º Ano,M,15/08/2008
20240019,Heloísa Santos,1ºA,1º Ano,F,03/05/2008
20240020,André Nascimento,1ºA,1º Ano,M,20/10/2007
20240021,Rafael Ferreira,1ºA,1º Ano,M,18/10/2008
20240022,Pedro Carvalho,1ºA,1º Ano,M,15/01/2009
20240023,Bruno Costa,1ºA,1º Ano,M,07/11/2009
20240024,Ingrid Nunes,1ºA,1º Ano,F,05/09/2008
20240025,Mateus Ferreira,1ºA,1º Ano,M,26/02/2008
20240026,Hiago Barros,1ºA,1º Ano,M,03/12/2008
20240027,Kaio Nascimento,1ºA,1º Ano,M,08/01/2007
20240028,Henrique Nascimento,1ºA,1º Ano,M,17/09/2008
20240029,Vitor Cardoso,1ºA,1º Ano,M,10/06/2008
20240030,Natália Almeida,1ºA,1º Ano,F,20/11/2008
20240031,Flávia Pereira,1ºA,1º Ano,F,11/11/2009
20240032,Isabela Silva,1ºA,1º Ano,F,22/09/2007
20240033,Rafaela Barbosa,1ºA,1º Ano,F,28/12/2008
20240034,Bernardo Pereira,1ºA,1º Ano,M,11/03/2009
20240035,Flávia Araújo,1ºA,1º Ano,F,12/03/2009
20240036,Rafaela Ferreira,1ºA,1º Ano,F,22/12/2009
20240037,Olivia Nunes,1ºA,1º Ano,F,03/12/2009
20240038,Jéssica Carvalho,1ºA,1º Ano,F,26/11/2008
20240039,Tatiane Carvalho,1ºA,1º Ano,F,23/11/2007
20240040,Eduardo Santos,1ºA,1º Ano,M,17/11/2009
20240041,Ingrid Costa,1ºA,1º Ano,F,17/07/2009
20240042,Mariana Farias,1ºA,1º Ano,F,06/05/2008
20240043,Bruno Pereira,1ºA,1º Ano,M,07/08/2008
20240044,Olivia Santos,1ºA,1º Ano,F,03/03/2007
20240045,Vanessa Silva,1ºA,1º Ano,F,25/09/2007
20240046,Bernardo Teixeira,1ºB,1º Ano,M,02/09/2009
20240047,Samuel Rodrigues,1ºB,1º Ano,M,20/03/2009
20240048,Giovana Silva,1ºB,1º Ano,F,27/03/2007
20240049,Hiago Moreira,1ºB,1º Ano,M,24/03/2009
20240050,Nayara Barros,1ºB,1º Ano,F,22/06/2008
20240051,Hiago Barbosa,1ºB,1º Ano,M,10/10/2008
20240052,João Martins,1ºB,1º Ano,M,18/04/2008
20240053,Aline Oliveira,1ºB,1º Ano,F,12/04/2008
20240054,André Costa,1ºB,1º Ano,M,15/08/2009
20240055,Davi Gomes,1ºB,1º Ano,M,17/09/2008
20240056,Juliana Lima,1ºB,1º Ano,F,26/04/2007
20240057,João Gomes,1ºB,1º Ano,M,21/01/2008
20240058,Daniela Ribeiro,1ºB,1º Ano,F,04/09/2008
20240059,Marcos Oliveira,1ºB,1º Ano,M,10/02/2009
20240060,Juliana Barbosa,1ºB,1º Ano,F,15/05/2007
20240061,Alexandre Ribeiro,1ºB,1º Ano,M,03/07/2007
20240062,Pedro Lima,1ºB,1º Ano,M,12/08/2007
20240063,Lucas Ribeiro,1ºB,1º Ano,M,13/01/2008
20240064,Rafael Araújo,1ºB,1º Ano,M,03/07/2007
20240065,Rafaela Santos,1ºB,1º Ano,F,04/06/2007
20240066,Ivan Barros,1ºB,1º Ano,M,26/06/2009
20240067,Giovana Gomes,1ºB,1º Ano,F,27/05/2007
20240068,Ana Cardoso,1ºB,1º Ano,F,16/12/2007
20240069,Fernanda Silva,1ºB,1º Ano,F,01/02/2007
20240070,Juliana Rodrigues,1ºB,1º Ano,F,24/09/2007
20240071,Felipe Pereira,1ºB,1º Ano,M,25/02/2008
20240072,Letícia Ferreira,1ºB,1º Ano,F,02/02/2008
20240073,Elisa Barbosa,1ºB,1º Ano,F,15/10/2009
20240074,Isabela Santos,1ºB,1º Ano,F,18/10/2008
20240075,Kamila Martins,1ºB,1º Ano,F,08/10/2009
20240076,Caio Teixeira,1ºB,1º Ano,M,01/07/2008
20240077,João Souza,1ºB,1º Ano,M,14/10/2007
20240078,Giovana Melo,1ºB,1º Ano,F,17/02/2009
20240079,Gabriel Araújo,1ºB,1º Ano,M,18/09/2007
20240080,Diego Barros,1ºB,1º Ano,M,01/09/2009
20240081,Kamila Barbosa,1ºB,1º Ano,F,21/01/2008
20240082,Beatriz Cardoso,1ºB,1º Ano,F,24/05/2008
20240083,Daniela Gomes,1ºB,1º Ano,F,08/06/2007
20240084,Davi Pereira,1ºB,1º Ano,M,25/02/2009
20240085,Nicolas Nunes,1ºB,1º Ano,M,02/03/2008
20240086,Mirela Rodrigues,1ºB,1º Ano,F,06/11/2008
20240087,Henrique Souza,1ºB,1º Ano,M,23/08/2009
20240088,Helena Carvalho,1ºB,1º Ano,F,03/03/2007
20240089,Felipe Silva,1ºB,1º Ano,M,10/01/2008
20240090,Cecília Souza,1ºB,1º Ano,F,11/01/2007
20240091,Bernardo Cardoso,1ºC,1º Ano,M,27/07/2009
20240092,Marcos Pereira,1ºC,1º Ano,M,25/01/2008
20240093,Bruno Gomes,1ºC,1º Ano,M,28/06/2008
20240094,Ivan Moreira,1ºC,1º Ano,M,09/06/2009
20240095,Ana Gomes,1ºC,1º Ano,F,13/07/2008
20240096,Gabriel Moreira,1ºC,1º Ano,M,06/06/2008
20240097,Aline Ferreira,1ºC,1º Ano,F,26/06/2008
20240098,Samuel Lima,1ºC,1º Ano,M,14/12/2007
20240099,Beatriz Almeida,1ºC,1º Ano,F,18/03/2009
20240100,Sabrina Melo,1ºC,1º Ano,F,11/02/2007
20240101,Nicolas Almeida,1ºC,1º Ano,M,20/08/2008
20240102,Gustavo Pereira,1ºC,1º Ano,M,15/12/2007
20240103,Giovana Farias,1ºC,1º Ano,F,28/12/2007
20240104,Gabriel Ferreira,1ºC,1º Ano,M,09/07/2009
20240105,Fábio Araújo,1ºC,1º Ano,M,22/02/2007
20240106,Rafael Teixeira,1ºC,1º Ano,M,26/09/2008
20240107,André Teixeira,1ºC,1º Ano,M,05/01/2007
20240108,Leandro Costa,1ºC,1º Ano,M,02/08/2009
20240109,Larissa Martins,1ºC,1º Ano,F,12/11/2007
20240110,Flávia Melo,1ºC,1º Ano,F,20/01/2009
20240111,Flávia Carvalho,1ºC,1º Ano,F,12/06/2008
20240112,Beatriz Lima,1ºC,1º Ano,F,05/10/2007
20240113,Vitor Monteiro,1ºC,1º Ano,M,21/06/2008
20240114,Jéssica Moreira,1ºC,1º Ano,F,24/01/2007
20240115,Patricia Monteiro,1ºC,1º Ano,F,18/07/2009
20240116,Aline Silva,1ºC,1º Ano,F,15/12/2008
20240117,Jéssica Barbosa,1ºC,1º Ano,F,23/05/2009
20240118,Alexandre Teixeira,1ºC,1º Ano,M,04/04/2008
20240119,Rafaela Teixeira,1ºC,1º Ano,F,06/08/2007
20240120,Nathan Souza,1ºC,1º Ano,M,26/02/2008
20240121,Gustavo Ferreira,1ºC,1º Ano,M,12/11/2008
20240122,Pedro Nascimento,1ºC,1º Ano,M,10/09/2009
20240123,Thiago Nunes,1ºC,1º Ano,M,23/12/2007
20240124,Leandro Nunes,1ºC,1º Ano,M,26/03/2009
20240125,Daniela Souza,1ºC,1º Ano,F,07/02/2007
20240126,Bernardo Araújo,1ºC,1º Ano,M,01/08/2007
20240127,Gabriela Monteiro,1ºC,1º Ano,F,15/06/2009
20240128,Bernardo Nunes,1ºC,1º Ano,M,20/03/2009
20240129,Igor Costa,1ºC,1º Ano,M,13/05/2007
20240130,Marcos Moreira,1ºC,1º Ano,M,17/08/2009
20240131,Sabrina Santos,1ºC,1º Ano,F,03/10/2008
20240132,Letícia Nunes,1ºC,1º Ano,F,03/11/2008
20240133,Ingrid Martins,1ºC,1º Ano,F,12/09/2009
20240134,Cecília Pereira,1ºC,1º Ano,F,19/11/2009
20240135,Carla Barbosa,1ºC,1º Ano,F,17/07/2007
20240136,Otávio Moreira,1ºD,1º Ano,M,17/02/2007
20240137,Eduarda Carvalho,1ºD,1º Ano,F,11/03/2007
20240138,Gustavo Barros,1ºD,1º Ano,M,17/06/2007
20240139,Leandro Martins,1ºD,1º Ano,M,07/05/2007
20240140,Vitor Araújo,1ºD,1º Ano,M,05/05/2009
20240141,Alexandre Almeida,1ºD,1º Ano,M,03/09/2009
20240142,Fábio Santos,1ºD,1º Ano,M,19/10/2007
20240143,Rafaela Souza,1ºD,1º Ano,F,24/10/2009
20240144,Gabriel Oliveira,1ºD,1º Ano,M,02/10/2008
20240145,Diego Cardoso,1ºD,1º Ano,M,02/02/2007
20240146,Bruno Teixeira,1ºD,1º Ano,M,21/05/2009
20240147,Flávia Santos,1ºD,1º Ano,F,20/07/2009
20240148,Lucas Pereira,1ºD,1º Ano,M,18/11/2008
20240149,Tatiane Pereira,1ºD,1º Ano,F,08/08/2008
20240150,Emanuel Barbosa,1ºD,1º Ano,M,10/07/2009
20240151,Vanessa Carvalho,1ºD,1º Ano,F,06/01/2009
20240152,Gabriela Cardoso,1ºD,1º Ano,F,07/08/2008
20240153,Helena Ribeiro,1ºD,1º Ano,F,28/06/2007
20240154,Kaio Nunes,1ºD,1º Ano,M,13/06/2009
20240155,Tatiane Costa,1ºD,1º Ano,F,18/09/2008
20240156,Elisa Costa,1ºD,1º Ano,F,04/08/2007
20240157,Ana Nascimento,1ºD,1º Ano,F,04/03/2007
20240158,Fernanda Monteiro,1ºD,1º Ano,F,14/10/2008
20240159,Carla Santos,1ºD,1º Ano,F,19/06/2007
20240160,Carlos Souza,1ºD,1º Ano,M,16/03/2007
20240161,Bruno Monteiro,1ºD,1º Ano,M,10/08/2008
20240162,Heloísa Carvalho,1ºD,1º Ano,F,17/07/2007
20240163,Elisa Pereira,1ºD,1º Ano,F,19/04/2007
20240164,Juliana Teixeira,1ºD,1º Ano,F,16/05/2007
20240165,Nathan Ribeiro,1ºD,1º Ano,M,16/11/2009
20240166,Eduarda Costa,1ºD,1º Ano,F,14/02/2007
20240167,Carla Cardoso,1ºD,1º Ano,F,12/12/2008
20240168,Samuel Souza,1ºD,1º Ano,M,13/01/2008
20240169,Ana Ribeiro,1ºD,1º Ano,F,12/04/2009
20240170,Igor Moreira,1ºD,1º Ano,M,17/07/2007
20240171,Isabela Barros,1ºD,1º Ano,F,27/05/2009
20240172,Emanuel Araújo,1ºD,1º Ano,M,04/10/2009
20240173,Heloísa Melo,1ºD,1º Ano,F,12/07/2007
20240174,Diego Ferreira,1ºD,1º Ano,M,12/09/2008
20240175,Gabriel Nascimento,1ºD,1º Ano,M,17/10/2007
20240176,Bruna Santos,1ºD,1º Ano,F,02/01/2007
20240177,Flávia Costa,1ºD,1º Ano,F,17/08/2008
20240178,Cecília Lima,1ºD,1º Ano,F,05/09/2009
20240179,Juliana Pereira,1ºD,1º Ano,F,06/06/2009
20240180,Heloísa Araújo,1ºD,1º Ano,F,27/12/2009
20240181,Juliana Oliveira,2ºA,2º Ano,F,27/09/2007
20240182,André Almeida,2ºA,2º Ano,M,19/12/2007
20240183,Aline Carvalho,2ºA,2º Ano,F,11/06/2006
20240184,Vitor Rodrigues,2ºA,2º Ano,M,10/10/2007
20240185,Kaio Melo,2ºA,2º Ano,M,21/12/2008
20240186,Mirela Farias,2ºA,2º Ano,F,21/05/2007
20240187,Nicolas Moreira,2ºA,2º Ano,M,08/10/2008
20240188,Jefferson Rodrigues,2ºA,2º Ano,M,06/08/2008
20240189,Igor Nunes,2ºA,2º Ano,M,25/10/2008
20240190,André Santos,2ºA,2º Ano,M,08/11/2006
20240191,Juliana Cardoso,2ºA,2º Ano,F,07/02/2008
20240192,Diana Gomes,2ºA,2º Ano,F,05/07/2007
20240193,Natália Martins,2ºA,2º Ano,F,17/07/2006
20240194,Leandro Melo,2ºA,2º Ano,M,24/12/2007
20240195,Elisa Santos,2ºA,2º Ano,F,07/09/2006
20240196,Bruno Moreira,2ºA,2º Ano,M,17/08/2008
20240197,Vanessa Araújo,2ºA,2º Ano,F,18/08/2006
20240198,Patricia Almeida,2ºA,2º Ano,F,25/11/2007
20240199,Felipe Rodrigues,2ºA,2º Ano,M,26/11/2008
20240200,Lucas Ferreira,2ºA,2º Ano,M,07/08/2008
20240201,Lucas Moreira,2ºA,2º Ano,M,10/09/2007
20240202,Nayara Rodrigues,2ºA,2º Ano,F,23/05/2007
20240203,Helena Monteiro,2ºA,2º Ano,F,11/08/2008
20240204,Cecília Moreira,2ºA,2º Ano,F,09/12/2008
20240205,Giovana Nunes,2ºA,2º Ano,F,18/11/2008
20240206,Nayara Teixeira,2ºA,2º Ano,F,25/06/2007
20240207,Caio Carvalho,2ºA,2º Ano,M,10/01/2007
20240208,Alexandre Martins,2ºA,2º Ano,M,15/06/2006
20240209,Fábio Costa,2ºA,2º Ano,M,07/08/2008
20240210,Vanessa Farias,2ºA,2º Ano,F,18/05/2008
20240211,Bruno Nascimento,2ºA,2º Ano,M,20/02/2006
20240212,Diego Ribeiro,2ºA,2º Ano,M,02/04/2006
20240213,Gustavo Martins,2ºA,2º Ano,M,21/04/2008
20240214,Giovana Nascimento,2ºA,2º Ano,F,11/07/2006
20240215,Felipe Nunes,2ºA,2º Ano,M,25/11/2006
20240216,Diana Silva,2ºA,2º Ano,F,14/03/2008
20240217,Igor Ribeiro,2ºA,2º Ano,M,21/08/2007
20240218,Mariana Pereira,2ºA,2º Ano,F,10/06/2007
20240219,Emanuel Ribeiro,2ºA,2º Ano,M,19/11/2006
20240220,Mariana Almeida,2ºA,2º Ano,F,28/12/2008
20240221,Samuel Melo,2ºA,2º Ano,M,27/07/2006
20240222,Gabriela Santos,2ºA,2º Ano,F,26/07/2006
20240223,Ana Almeida,2ºA,2º Ano,F,02/05/2008
20240224,Ingrid Ferreira,2ºA,2º Ano,F,04/10/2008
20240225,Nathan Martins,2ºA,2º Ano,M,15/05/2007
20240226,Igor Martins,2ºB,2º Ano,M,16/09/2008
20240227,Diego Souza,2ºB,2º Ano,M,15/09/2006
20240228,Beatriz Souza,2ºB,2º Ano,F,06/06/2006
20240229,Felipe Melo,2ºB,2º Ano,M,23/05/2008
20240230,Letícia Barros,2ºB,2º Ano,F,26/06/2008
20240231,Rafaela Barros,2ºB,2º Ano,F,06/04/2008
20240232,Eduardo Lima,2ºB,2º Ano,M,27/07/2008
20240233,Kamila Teixeira,2ºB,2º Ano,F,13/02/2007
20240234,Diego Monteiro,2ºB,2º Ano,M,16/03/2006
20240235,Jéssica Rodrigues,2ºB,2º Ano,F,09/01/2006
20240236,Cecília Costa,2ºB,2º Ano,F,11/05/2007
20240237,Olivia Barbosa,2ºB,2º Ano,F,01/10/2008
20240238,Ana Carvalho,2ºB,2º Ano,F,08/12/2007
20240239,Elisa Nascimento,2ºB,2º Ano,F,10/08/2006
20240240,Larissa Oliveira,2ºB,2º Ano,F,23/09/2008
20240241,Gabriel Rodrigues,2ºB,2º Ano,M,21/02/2008
20240242,Samuel Almeida,2ºB,2º Ano,M,20/06/2007
20240243,Sabrina Barros,2ºB,2º Ano,F,05/08/2006
20240244,Bruna Almeida,2ºB,2º Ano,F,14/06/2008
20240245,Lucas Teixeira,2ºB,2º Ano,M,26/09/2007
20240246,Eduardo Souza,2ºB,2º Ano,M,22/04/2006
20240247,Mateus Rodrigues,2ºB,2º Ano,M,15/09/2006
20240248,Felipe Ribeiro,2ºB,2º Ano,M,19/02/2007
20240249,Isabela Ribeiro,2ºB,2º Ano,F,07/09/2008
20240250,Kaio Martins,2ºB,2º Ano,M,11/03/2006
20240251,Nathan Barros,2ºB,2º Ano,M,22/02/2007
20240252,Diana Souza,2ºB,2º Ano,F,03/08/2008
20240253,Ivan Farias,2ºB,2º Ano,M,15/01/2007
20240254,Bruna Melo,2ºB,2º Ano,F,19/08/2007
20240255,Sabrina Souza,2ºB,2º Ano,F,26/11/2007
20240256,Elisa Rodrigues,2ºB,2º Ano,F,09/07/2006
20240257,Diego Nunes,2ºB,2º Ano,M,19/04/2008
20240258,Bruna Nascimento,2ºB,2º Ano,F,23/06/2007
20240259,Juliana Melo,2ºB,2º Ano,F,16/02/2006
20240260,Kamila Silva,2ºB,2º Ano,F,25/03/2007
20240261,Patricia Oliveira,2ºB,2º Ano,F,21/12/2008
20240262,Otávio Nascimento,2ºB,2º Ano,M,15/07/2007
20240263,Vitor Santos,2ºB,2º Ano,M,03/07/2007
20240264,Carlos Rodrigues,2ºB,2º Ano,M,05/09/2008
20240265,Samuel Araújo,2ºB,2º Ano,M,06/02/2007
20240266,Pedro Souza,2ºB,2º Ano,M,05/09/2007
20240267,Rafael Nascimento,2ºB,2º Ano,M,25/01/2006
20240268,Aline Nascimento,2ºB,2º Ano,F,22/08/2007
20240269,Henrique Ferreira,2ºB,2º Ano,M,13/09/2007
20240270,Fábio Moreira,2ºB,2º Ano,M,12/08/2006
20240271,Patricia Santos,2ºC,2º Ano,F,25/12/2006
20240272,Diana Santos,2ºC,2º Ano,F,20/07/2008
20240273,Gustavo Cardoso,2ºC,2º Ano,M,07/04/2006
20240274,Letícia Costa,2ºC,2º Ano,F,15/01/2008
20240275,Otávio Araújo,2ºC,2º Ano,M,08/01/2008
20240276,Samuel Ribeiro,2ºC,2º Ano,M,08/08/2007
20240277,Mateus Martins,2ºC,2º Ano,M,17/03/2006
20240278,Gabriel Nunes,2ºC,2º Ano,M,19/12/2006
20240279,Juliana Ferreira,2ºC,2º Ano,F,27/11/2008
20240280,Jéssica Santos,2ºC,2º Ano,F,22/03/2007
20240281,Gabriel Barros,2ºC,2º Ano,M,09/05/2007
20240282,Diana Melo,2ºC,2º Ano,F,06/12/2008
20240283,Kaio Silva,2ºC,2º Ano,M,16/09/2007
20240284,Patricia Moreira,2ºC,2º Ano,F,22/11/2007
20240285,Letícia Barbosa,2ºC,2º Ano,F,23/06/2008
20240286,Mariana Martins,2ºC,2º Ano,F,13/05/2006
20240287,Mirela Barbosa,2ºC,2º Ano,F,08/08/2008
20240288,Davi Oliveira,2ºC,2º Ano,M,05/12/2007
20240289,Pedro Nunes,2ºC,2º Ano,M,14/09/2006
20240290,Vitor Gomes,2ºC,2º Ano,M,05/09/2008
20240291,Olivia Moreira,2ºC,2º Ano,F,11/04/2007
20240292,Jefferson Monteiro,2ºC,2º Ano,M,03/06/2007
20240293,Marcos Nunes,2ºC,2º Ano,M,09/01/2006
20240294,Diana Nunes,2ºC,2º Ano,F,02/10/2008
20240295,Felipe Gomes,2ºC,2º Ano,M,24/10/2006
20240296,João Monteiro,2ºC,2º Ano,M,07/08/2006
20240297,Davi Teixeira,2ºC,2º Ano,M,01/05/2007
20240298,Aline Teixeira,2ºC,2º Ano,F,04/12/2006
20240299,Igor Pereira,2ºC,2º Ano,M,23/04/2007
20240300,Gustavo Teixeira,2ºC,2º Ano,M,08/07/2006
20240301,Marcos Barbosa,2ºC,2º Ano,M,15/07/2007
20240302,Fábio Ribeiro,2ºC,2º Ano,M,09/05/2007
20240303,Beatriz Gomes,2ºC,2º Ano,F,04/08/2007
20240304,Bernardo Martins,2ºC,2º Ano,M,25/08/2008
20240305,Davi Lima,2ºC,2º Ano,M,11/06/2006
20240306,Jéssica Cardoso,2ºC,2º Ano,F,24/04/2008
20240307,Rafaela Silva,2ºC,2º Ano,F,19/09/2007
20240308,João Lima,2ºC,2º Ano,M,05/05/2007
20240309,Gabriela Melo,2ºC,2º Ano,F,19/07/2006
20240310,Bruno Barbosa,2ºC,2º Ano,M,21/09/2007
20240311,Davi Santos,2ºC,2º Ano,M,25/05/2007
20240312,Carlos Martins,2ºC,2º Ano,M,24/11/2008
20240313,Diana Cardoso,2ºC,2º Ano,F,26/12/2006
20240314,Elisa Martins,2ºC,2º Ano,F,18/12/2006
20240315,Ingrid Rodrigues,2ºC,2º Ano,F,02/11/2008
20240316,Gustavo Ribeiro,2ºD,2º Ano,M,02/11/2006
20240317,Igor Ferreira,2ºD,2º Ano,M,27/03/2007
20240318,Caio Souza,2ºD,2º Ano,M,05/12/2006
20240319,Aline Lima,2ºD,2º Ano,F,12/08/2008
20240320,Patricia Gomes,2ºD,2º Ano,F,20/11/2008
20240321,André Cardoso,2ºD,2º Ano,M,01/08/2008
20240322,Flávia Cardoso,2ºD,2º Ano,F,01/07/2008
20240323,Letícia Pereira,2ºD,2º Ano,F,18/05/2008
20240324,Kaio Barbosa,2ºD,2º Ano,M,27/09/2006
20240325,Igor Rodrigues,2ºD,2º Ano,M,04/03/2007
20240326,Caio Lima,2ºD,2º Ano,M,08/03/2008
20240327,Larissa Nunes,2ºD,2º Ano,F,27/05/2008
20240328,Heloísa Nunes,2ºD,2º Ano,F,12/02/2007
20240329,Diego Pereira,2ºD,2º Ano,M,08/10/2007
20240330,Kaio Araújo,2ºD,2º Ano,M,22/05/2006
20240331,Ivan Teixeira,2ºD,2º Ano,M,28/11/2006
20240332,Vitor Oliveira,2ºD,2º Ano,M,13/02/2006
20240333,Fernanda Melo,2ºD,2º Ano,F,02/08/2008
20240334,Fábio Nascimento,2ºD,2º Ano,M,03/03/2008
20240335,Gabriela Teixeira,2ºD,2º Ano,F,26/11/2007
20240336,Mariana Araújo,2ºD,2º Ano,F,02/09/2006
20240337,Rafaela Oliveira,2ºD,2º Ano,F,16/10/2008
20240338,Patricia Silva,2ºD,2º Ano,F,09/11/2006
20240339,Pedro Almeida,2ºD,2º Ano,M,02/11/2008
20240340,Rafaela Nunes,2ºD,2º Ano,F,07/01/2007
20240341,Emanuel Rodrigues,2ºD,2º Ano,M,03/07/2008
20240342,Vanessa Moreira,2ºD,2º Ano,F,19/04/2008
20240343,Thiago Ribeiro,2ºD,2º Ano,M,18/11/2007
20240344,Ingrid Nascimento,2ºD,2º Ano,F,26/03/2008
20240345,Alexandre Nascimento,2ºD,2º Ano,M,17/02/2008
20240346,Nicolas Nascimento,2ºD,2º Ano,M,04/01/2007
20240347,Fernanda Teixeira,2ºD,2º Ano,F,20/06/2006
20240348,Nathan Nascimento,2ºD,2º Ano,M,25/07/2008
20240349,Ana Costa,2ºD,2º Ano,F,26/05/2008
20240350,Kaio Ribeiro,2ºD,2º Ano,M,12/04/2007
20240351,Gabriel Barbosa,2ºD,2º Ano,M,06/07/2007
20240352,Alexandre Cardoso,2ºD,2º Ano,M,03/07/2008
20240353,Gabriel Lima,2ºD,2º Ano,M,23/04/2007
20240354,Fernanda Cardoso,2ºD,2º Ano,F,13/03/2007
20240355,Kaio Carvalho,2ºD,2º Ano,M,24/03/2008
20240356,Nayara Farias,2ºD,2º Ano,F,03/02/2007
20240357,Vanessa Oliveira,2ºD,2º Ano,F,12/08/2007
20240358,Nicolas Carvalho,2ºD,2º Ano,M,03/03/2006
20240359,Vanessa Almeida,2ºD,2º Ano,F,18/09/2007
20240360,Bernardo Farias,2ºD,2º Ano,M,03/01/2006
20240361,Cecília Santos,3ºA,3º Ano,F,20/10/2005
20240362,Alexandre Santos,3ºA,3º Ano,M,10/01/2006
20240363,Jéssica Monteiro,3ºA,3º Ano,F,18/12/2005
20240364,Hiago Cardoso,3ºA,3º Ano,M,17/10/2005
20240365,Eduarda Nunes,3ºA,3º Ano,F,05/03/2006
20240366,Helena Araújo,3ºA,3º Ano,F,05/08/2006
20240367,Daniela Nascimento,3ºA,3º Ano,F,14/05/2006
20240368,Cecília Nascimento,3ºA,3º Ano,F,09/06/2005
20240369,Gabriel Melo,3ºA,3º Ano,M,16/11/2007
20240370,Pedro Teixeira,3ºA,3º Ano,M,04/08/2005
20240371,Eduarda Ferreira,3ºA,3º Ano,F,11/07/2005
20240372,Felipe Cardoso,3ºA,3º Ano,M,15/06/2006
20240373,Ana Araújo,3ºA,3º Ano,F,05/10/2007
20240374,Sabrina Gomes,3ºA,3º Ano,F,07/12/2007
20240375,Helena Costa,3ºA,3º Ano,F,11/07/2005
20240376,Beatriz Barbosa,3ºA,3º Ano,F,16/11/2007
20240377,Davi Carvalho,3ºA,3º Ano,M,13/06/2005
20240378,Helena Oliveira,3ºA,3º Ano,F,04/06/2006
20240379,Gustavo Nascimento,3ºA,3º Ano,M,18/10/2005
20240380,Larissa Cardoso,3ºA,3º Ano,F,24/01/2007
20240381,Natália Santos,3ºA,3º Ano,F,15/04/2007
20240382,Pedro Santos,3ºA,3º Ano,M,27/02/2007
20240383,Leandro Oliveira,3ºA,3º Ano,M,16/11/2006
20240384,Rafaela Lima,3ºA,3º Ano,F,09/04/2006
20240385,Caio Cardoso,3ºA,3º Ano,M,26/07/2007
20240386,Mariana Melo,3ºA,3º Ano,F,16/10/2006
20240387,Fábio Souza,3ºA,3º Ano,M,28/09/2007
20240388,Mateus Almeida,3ºA,3º Ano,M,26/01/2007
20240389,Davi Barros,3ºA,3º Ano,M,20/09/2007
20240390,Nathan Almeida,3ºA,3º Ano,M,25/02/2005
20240391,Heloísa Silva,3ºA,3º Ano,F,06/06/2007
20240392,Vitor Teixeira,3ºA,3º Ano,M,21/10/2005
20240393,Otávio Teixeira,3ºA,3º Ano,M,26/06/2006
20240394,Fernanda Ribeiro,3ºA,3º Ano,F,09/02/2005
20240395,Sabrina Oliveira,3ºA,3º Ano,F,18/09/2007
20240396,Henrique Rodrigues,3ºA,3º Ano,M,15/04/2007
20240397,Daniela Carvalho,3ºA,3º Ano,F,19/11/2006
20240398,Thiago Costa,3ºA,3º Ano,M,01/06/2005
20240399,Aline Martins,3ºA,3º Ano,F,03/07/2006
20240400,Giovana Monteiro,3ºA,3º Ano,F,12/03/2007
20240401,Jéssica Nascimento,3ºA,3º Ano,F,17/04/2006
20240402,Giovana Araújo,3ºA,3º Ano,F,15/02/2006
20240403,Igor Monteiro,3ºA,3º Ano,M,03/06/2006
20240404,Tatiane Lima,3ºA,3º Ano,F,01/02/2007
20240405,Henrique Santos,3ºA,3º Ano,M,22/02/2007
20240406,Eduardo Nascimento,3ºB,3º Ano,M,17/04/2007
20240407,Heloísa Nascimento,3ºB,3º Ano,F,18/06/2005
20240408,Larissa Moreira,3ºB,3º Ano,F,26/04/2006
20240409,Carla Pereira,3ºB,3º Ano,F,21/03/2005
20240410,Rafael Oliveira,3ºB,3º Ano,M,24/01/2006
20240411,Marcos Melo,3ºB,3º Ano,M,19/08/2005
20240412,Natália Oliveira,3ºB,3º Ano,F,07/12/2005
20240413,Giovana Teixeira,3ºB,3º Ano,F,19/02/2007
20240414,Diana Moreira,3ºB,3º Ano,F,12/03/2007
20240415,Diana Rodrigues,3ºB,3º Ano,F,09/02/2006
20240416,Alexandre Gomes,3ºB,3º Ano,M,21/09/2006
20240417,Mirela Costa,3ºB,3º Ano,F,13/10/2006
20240418,Nicolas Pereira,3ºB,3º Ano,M,28/06/2006
20240419,Aline Araújo,3ºB,3º Ano,F,23/11/2005
20240420,Fábio Farias,3ºB,3º Ano,M,03/10/2007
20240421,Pedro Melo,3ºB,3º Ano,M,08/02/2006
20240422,Heloísa Ferreira,3ºB,3º Ano,F,23/06/2005
20240423,Cecília Rodrigues,3ºB,3º Ano,F,20/07/2006
20240424,Mariana Rodrigues,3ºB,3º Ano,F,06/07/2006
20240425,Jéssica Costa,3ºB,3º Ano,F,21/12/2007
20240426,Diego Oliveira,3ºB,3º Ano,M,06/09/2005
20240427,Bruna Pereira,3ºB,3º Ano,F,11/03/2005
20240428,Felipe Almeida,3ºB,3º Ano,M,28/01/2007
20240429,Patricia Souza,3ºB,3º Ano,F,05/08/2005
20240430,Nayara Souza,3ºB,3º Ano,F,17/09/2006
20240431,Kaio Pereira,3ºB,3º Ano,M,16/11/2006
20240432,Beatriz Martins,3ºB,3º Ano,F,06/08/2006
20240433,Olivia Costa,3ºB,3º Ano,F,10/04/2005
20240434,Fernanda Martins,3ºB,3º Ano,F,10/09/2005
20240435,Kamila Melo,3ºB,3º Ano,F,24/10/2006
20240436,Igor Santos,3ºB,3º Ano,M,17/09/2006
20240437,Patricia Teixeira,3ºB,3º Ano,F,25/05/2005
20240438,Otávio Martins,3ºB,3º Ano,M,27/09/2006
20240439,Rafael Santos,3ºB,3º Ano,M,18/08/2007
20240440,Fernanda Lima,3ºB,3º Ano,F,24/02/2006
20240441,Caio Farias,3ºB,3º Ano,M,28/05/2005
20240442,Carlos Ferreira,3ºB,3º Ano,M,12/05/2006
20240443,Kaio Costa,3ºB,3º Ano,M,28/08/2005
20240444,Nicolas Gomes,3ºB,3º Ano,M,26/04/2005
20240445,Bruno Oliveira,3ºB,3º Ano,M,28/06/2007
20240446,Pedro Silva,3ºB,3º Ano,M,06/07/2007
20240447,Fábio Cardoso,3ºB,3º Ano,M,26/04/2005
20240448,Helena Nascimento,3ºB,3º Ano,F,09/09/2006
20240449,Gabriel Carvalho,3ºB,3º Ano,M,23/06/2005
20240450,Patricia Ferreira,3ºB,3º Ano,F,28/05/2007
20240451,Henrique Cardoso,3ºC,3º Ano,M,05/02/2007
20240452,Eduardo Barbosa,3ºC,3º Ano,M,09/01/2006
20240453,Rafael Almeida,3ºC,3º Ano,M,28/12/2005
20240454,Olivia Rodrigues,3ºC,3º Ano,F,11/12/2005
20240455,Lucas Martins,3ºC,3º Ano,M,16/07/2007
20240456,Rafaela Nascimento,3ºC,3º Ano,F,21/05/2007
20240457,Helena Moreira,3ºC,3º Ano,F,21/02/2006
20240458,Emanuel Teixeira,3ºC,3º Ano,M,17/07/2005
20240459,Davi Almeida,3ºC,3º Ano,M,15/06/2007
20240460,Otávio Barros,3ºC,3º Ano,M,01/10/2006
20240461,Emanuel Nunes,3ºC,3º Ano,M,24/02/2007
20240462,Bernardo Souza,3ºC,3º Ano,M,23/11/2007
20240463,Sabrina Nascimento,3ºC,3º Ano,F,13/09/2005
20240464,Gabriela Oliveira,3ºC,3º Ano,F,16/04/2006
20240465,Cecília Carvalho,3ºC,3º Ano,F,18/06/2006
20240466,Nathan Monteiro,3ºC,3º Ano,M,26/08/2007
20240467,Natália Carvalho,3ºC,3º Ano,F,02/01/2007
20240468,Olivia Teixeira,3ºC,3º Ano,F,04/01/2006
20240469,André Ribeiro,3ºC,3º Ano,M,15/08/2005
20240470,Juliana Araújo,3ºC,3º Ano,F,23/04/2006
20240471,Otávio Rodrigues,3ºC,3º Ano,M,06/05/2007
20240472,Kaio Souza,3ºC,3º Ano,M,21/02/2006
20240473,Juliana Nunes,3ºC,3º Ano,F,22/06/2005
20240474,Pedro Barros,3ºC,3º Ano,M,13/01/2005
20240475,Gabriel Santos,3ºC,3º Ano,M,25/12/2007
20240476,Beatriz Nascimento,3ºC,3º Ano,F,23/02/2007
20240477,Olivia Ferreira,3ºC,3º Ano,F,03/08/2005
20240478,Beatriz Ferreira,3ºC,3º Ano,F,22/09/2005
20240479,Ingrid Almeida,3ºC,3º Ano,F,11/12/2005
20240480,Thiago Carvalho,3ºC,3º Ano,M,05/12/2006
20240481,Vanessa Rodrigues,3ºC,3º Ano,F,03/07/2005
20240482,Carlos Carvalho,3ºC,3º Ano,M,11/02/2005
20240483,Sabrina Pereira,3ºC,3º Ano,F,13/03/2006
20240484,Igor Silva,3ºC,3º Ano,M,22/11/2005
20240485,Mirela Araújo,3ºC,3º Ano,F,01/10/2007
20240486,Nathan Rodrigues,3ºC,3º Ano,M,12/08/2005
20240487,Diego Araújo,3ºC,3º Ano,M,05/12/2007
20240488,André Souza,3ºC,3º Ano,M,15/11/2007
20240489,Hiago Pereira,3ºC,3º Ano,M,05/02/2005
20240490,André Ferreira,3ºC,3º Ano,M,13/12/2007
20240491,Kamila Moreira,3ºC,3º Ano,F,26/06/2006
20240492,Eduarda Moreira,3ºC,3º Ano,F,03/11/2006
20240493,Fernanda Rodrigues,3ºC,3º Ano,F,24/10/2007
20240494,Marcos Nascimento,3ºC,3º Ano,M,28/01/2007
20240495,Gabriel Martins,3ºC,3º Ano,M,17/04/2006
20240496,Hiago Martins,3ºD,3º Ano,M,13/12/2005
20240497,Ingrid Souza,3ºD,3º Ano,F,16/04/2005
20240498,Nayara Oliveira,3ºD,3º Ano,F,21/08/2005
20240499,Bernardo Rodrigues,3ºD,3º Ano,M,12/01/2007
20240500,Igor Lima,3ºD,3º Ano,M,28/07/2005
20240501,Pedro Costa,3ºD,3º Ano,M,18/06/2006
20240502,Marcos Martins,3ºD,3º Ano,M,01/02/2006
20240503,Thiago Ferreira,3ºD,3º Ano,M,07/05/2005
20240504,Beatriz Farias,3ºD,3º Ano,F,17/07/2005
20240505,Carla Ferreira,3ºD,3º Ano,F,25/09/2007
20240506,Nayara Cardoso,3ºD,3º Ano,F,03/07/2007
20240507,Jefferson Martins,3ºD,3º Ano,M,05/10/2007
20240508,Helena Cardoso,3ºD,3º Ano,F,17/02/2006
20240509,Ivan Melo,3ºD,3º Ano,M,11/09/2005
20240510,Nayara Silva,3ºD,3º Ano,F,22/11/2007
20240511,Jefferson Carvalho,3ºD,3º Ano,M,14/12/2006
20240512,Fábio Silva,3ºD,3º Ano,M,08/01/2005
20240513,Mariana Silva,3ºD,3º Ano,F,15/02/2006
20240514,Thiago Cardoso,3ºD,3º Ano,M,22/05/2005
20240515,Eduardo Carvalho,3ºD,3º Ano,M,04/03/2007
20240516,Rafaela Monteiro,3ºD,3º Ano,F,01/12/2005
20240517,Rafaela Rodrigues,3ºD,3º Ano,F,17/09/2006
20240518,Eduardo Ferreira,3ºD,3º Ano,M,06/05/2007
20240519,Helena Gomes,3ºD,3º Ano,F,24/05/2007
20240520,Vitor Pereira,3ºD,3º Ano,M,26/06/2005
20240521,Nayara Moreira,3ºD,3º Ano,F,09/02/2007
20240522,Leandro Silva,3ºD,3º Ano,M,03/11/2007
20240523,Bruna Ribeiro,3ºD,3º Ano,F,02/06/2007
20240524,Ingrid Monteiro,3ºD,3º Ano,F,12/03/2007
20240525,Eduarda Cardoso,3ºD,3º Ano,F,22/10/2005
20240526,Carlos Barbosa,3ºD,3º Ano,M,17/12/2005
20240527,Vanessa Barbosa,3ºD,3º Ano,F,02/04/2005
20240528,Elisa Almeida,3ºD,3º Ano,F,06/03/2006
20240529,Davi Nascimento,3ºD,3º Ano,M,26/09/2005
20240530,Gustavo Farias,3ºD,3º Ano,M,14/11/2007
20240531,Cecília Barbosa,3ºD,3º Ano,F,24/07/2005
20240532,Diana Oliveira,3ºD,3º Ano,F,12/10/2005
20240533,Isabela Melo,3ºD,3º Ano,F,06/01/2007
20240534,Letícia Souza,3ºD,3º Ano,F,13/01/2007
20240535,Diana Ferreira,3ºD,3º Ano,F,25/05/2006
20240536,Ivan Gomes,3ºD,3º Ano,M,18/02/2006
20240537,Diana Martins,3ºD,3º Ano,F,10/04/2006
20240538,André Carvalho,3ºD,3º Ano,M,20/12/2006
20240539,Bruna Carvalho,3ºD,3º Ano,F,16/10/2006
20240540,Eduardo Almeida,3ºD,3º Ano,M,18/12/2005
